split,threshold,brier,mcc
val,0.15,0.07479663576700012,0.29587062142967535
test,0.15,0.07336023468083182,0.3296691116052815
