threshold,auc_roc,auc_pr,logloss,brier,acc,macro_avg_f1,mcc
0.15,0.7869415165333532,0.2648161690937292,0.2603760819450889,0.07479663576700012,0.7831449126413155,0.6122063492962961,0.29587062142967535
