threshold,auc_roc,auc_pr,logloss,brier,acc,macro_avg_f1,mcc
0.1,0.7678180445451113,0.2328177230458879,0.3018403344353958,0.07655926537916496,0.6618705035971223,0.5378793237603452,0.25419352462610395
