threshold,auc_roc,auc_pr,logloss,brier,acc,macro_avg_f1,mcc
0.15,0.7988612054863471,0.2802341625897107,0.25562113852646423,0.07336023468083182,0.7852004110996916,0.6231931589723635,0.3296691116052815
