split,threshold,brier,mcc
val,0.1,0.07832437171650221,0.24249522400942528
test,0.1,0.07655926537916496,0.25419352462610395
