model,auc_roc,auc_pr,logloss,brier,acc,f1,macro_f1,mcc
rf_raw@0.50,0.717761830006728,0.2008631583180103,0.30980280655466824,0.08917732385520155,0.8972250770811921,0.13793103448275862,0.5416431128697946,0.12631170884003914
rf_cal@0.50,0.7398955919364083,0.20295984694207475,0.27527058674486826,0.07832437171650221,0.9064748201438849,0.0,0.47547169811320755,0.0
rf_cal@0.10,0.7398955919364083,0.20295984694207475,0.27527058674486826,0.07832437171650221,0.6433710174717369,0.2903885480572597,0.5261139720382386,0.24249522400942528
