model,auc_roc,auc_pr,logloss,brier,acc,f1,macro_f1,mcc
xgb_raw@0.50,0.7728073486850384,0.2795936665077551,0.2740292300491743,0.0792405813988464,0.9023638232271326,0.26356589147286824,0.6056409534414424,0.24219791305919353
xgb_cal@0.50,0.7658235812256198,0.25185879203088934,0.26657655042575557,0.07558260188798248,0.9075025693730729,0.0,0.47575431034482757,0.0
xgb_cal@0.15,0.7658235812256198,0.25185879203088934,0.26657655042575557,0.07558260188798248,0.7913669064748201,0.3344262295081967,0.6053605858083336,0.266011260811282
