threshold,auc_roc,auc_pr,logloss,brier,acc,macro_avg_f1,mcc
0.15,0.7560551693204756,0.21696695044930822,0.2715640849737483,0.07758845611820389,0.7780061664953751,0.5855982332991561,0.22412518023419697
