model,auc_roc,auc_pr,logloss,brier,acc,f1,macro_f1,mcc
xgb_raw@0.50,0.7390545961974534,0.21243302399397881,0.2949456503541069,0.08634582257113059,0.895169578622816,0.19047619047619047,0.5672161172161172,0.16541253248250123
xgb_cal@0.50,0.7560551693204756,0.21696695044930822,0.2715640849737483,0.07758845611820389,0.9064748201438849,0.0,0.47547169811320755,0.0
xgb_cal@0.15,0.7560551693204756,0.21696695044930822,0.2715640849737483,0.07758845611820389,0.7780061664953751,0.3032258064516129,0.5855982332991561,0.22412518023419697
