model,auc_roc,auc_pr,logloss,brier,acc,f1,macro_f1,mcc
mlp_raw@0.50,0.7148463781116843,0.18011348394202759,0.32394999730525664,0.09551953843795558,0.8787255909558068,0.15714285714285714,0.5459025470653378,0.1035795166433734
mlp_cal@0.50,0.7327128653659266,0.18698110059252898,0.2792610407388272,0.07949861181634157,0.9064748201438849,0.0,0.47547169811320755,0.0
mlp_cal@0.15,0.7327128653659266,0.18698110059252898,0.2792610407388272,0.07949861181634157,0.7697841726618705,0.3,0.5811193111931119,0.2211837847134862
