model,auc_roc,auc_pr,logloss,brier,acc,f1,macro_f1,mcc
mlp_raw@0.50,0.772920598968164,0.2837093743042382,0.2890108158861327,0.08351566542850986,0.8910585817060637,0.28378378378378377,0.6124146950064636,0.23425491671281973
mlp_cal@0.50,0.760872027180068,0.23588368170799578,0.3041041770214785,0.07660468859618284,0.9075025693730729,0.0,0.47575431034482757,0.0
mlp_cal@0.15,0.760872027180068,0.23588368170799578,0.3041041770214785,0.07660468859618284,0.7852004110996916,0.34890965732087226,0.6101471363527439,0.2887317724325497
