threshold,auc_roc,auc_pr,logloss,brier,acc,macro_avg_f1,mcc
0.15,0.736416257707311,0.21431955785882484,0.31763880468681105,0.07940376609506154,0.7934224049331963,0.5984498352308308,0.24389401240829045
