model,threshold,auc_roc,auc_pr,logloss,brier,acc,macro_avg_f1,mcc
lr,0.15,0.7869415165333532,0.2648161690937292,0.2603760819450889,0.0747966357670001,0.7831449126413155,0.6122063492962961,0.2958706214296753
rf,0.1,0.7398955919364083,0.2029598469420747,0.2752705867448682,0.0783243717165022,0.6433710174717369,0.5261139720382386,0.2424952240094252
xgb,0.15,0.7560551693204756,0.2169669504493082,0.2715640849737483,0.0775884561182038,0.7780061664953751,0.5855982332991561,0.2241251802341969
xlstm,0.15,0.7208392514514963,0.1919138260828565,0.2809904424199842,0.0796051738775186,0.775950668036999,0.5750649080069236,0.1970066168543629
tabnet,0.15,0.7716665420747054,0.2272839465494532,0.2668591380813966,0.0768907278325772,0.7862281603288798,0.6070823949677719,0.2759060890007673
mlp,0.15,0.7327128653659266,0.1869811005925289,0.2792610407388272,0.0794986118163415,0.7697841726618705,0.5811193111931119,0.2211837847134862
