model,auc_roc,auc_pr,logloss,brier,acc,f1,macro_f1,mcc
rf_raw@0.50,0.778803322008305,0.27061107050789024,0.2856910082399371,0.08145255224391915,0.9033915724563206,0.1896551724137931,0.5691445260976069,0.18905964008597584
rf_cal@0.50,0.7678180445451113,0.2328177230458879,0.3018403344353958,0.07655926537916496,0.9075025693730729,0.0,0.47575431034482757,0.0
rf_cal@0.10,0.7678180445451113,0.2328177230458879,0.3018403344353958,0.07655926537916496,0.6618705035971223,0.29850746268656714,0.5378793237603452,0.25419352462610395
