threshold,auc_roc,auc_pr,logloss,brier,acc,macro_avg_f1,mcc
0.1,0.7398955919364083,0.20295984694207475,0.27527058674486826,0.07832437171650221,0.6433710174717369,0.5261139720382386,0.24249522400942528
