threshold,auc_roc,auc_pr,logloss,brier,acc,macro_avg_f1,mcc
0.15,0.7327128653659266,0.18698110059252898,0.2792610407388272,0.07949861181634157,0.7697841726618705,0.5811193111931119,0.2211837847134862
