threshold,auc_roc,auc_pr,logloss,brier,acc,macro_avg_f1,mcc
0.15,0.760872027180068,0.23588368170799578,0.3041041770214785,0.07660468859618284,0.7852004110996916,0.6101471363527439,0.2887317724325497
