split,threshold,brier,mcc
val,0.15,0.07758845611820389,0.22412518023419697
test,0.15,0.07558260188798248,0.266011260811282
