threshold,auc_roc,auc_pr,logloss,brier,acc,macro_avg_f1,mcc
0.15,0.7658235812256198,0.25185879203088934,0.26657655042575557,0.07558260188798248,0.7913669064748201,0.6053605858083336,0.266011260811282
