model,auc_roc,auc_pr,logloss,brier,acc,f1,macro_f1,mcc
xlstm_raw@0.50,0.7399899333081666,0.22136629852916578,0.2909895560402463,0.08241934763447914,0.9023638232271326,0.0,0.4743381955699622,-0.02294500868645675
xlstm_cal@0.50,0.736416257707311,0.21431955785882484,0.31763880468681105,0.07940376609506154,0.9023638232271326,0.0,0.4743381955699622,-0.02294500868645675
xlstm_cal@0.15,0.736416257707311,0.21431955785882484,0.31763880468681105,0.07940376609506154,0.7934224049331963,0.31864406779661014,0.5984498352308308,0.24389401240829045
