split,threshold,brier,mcc
val,0.15,0.07960517387751864,0.1970066168543629
test,0.15,0.07940376609506154,0.24389401240829045
