threshold,auc_roc,auc_pr,logloss,brier,acc,macro_avg_f1,mcc
0.15,0.7208392514514963,0.19191382608285656,0.2809904424199842,0.07960517387751864,0.775950668036999,0.5750649080069236,0.1970066168543629
