model,auc_roc,auc_pr,logloss,brier,acc,f1,macro_f1,mcc
xlstm_raw@0.50,0.7068351149983805,0.19345227535936874,0.303148009191085,0.08603532212076866,0.9044193216855088,0.041237113402061855,0.4954698276583051,0.06487601786409877
xlstm_cal@0.50,0.7208392514514963,0.19191382608285656,0.2809904424199842,0.07960517387751864,0.9064748201438849,0.042105263157894736,0.49647132417754275,0.08969321808225397
xlstm_cal@0.15,0.7208392514514963,0.19191382608285656,0.2809904424199842,0.07960517387751864,0.775950668036999,0.28289473684210525,0.5750649080069236,0.1970066168543629
