model,threshold,auc_roc,auc_pr,logloss,brier,acc,macro_avg_f1,mcc
lr,0.15,0.7988612054863471,0.2802341625897107,0.2556211385264642,0.0733602346808318,0.7852004110996916,0.6231931589723635,0.3296691116052815
rf,0.1,0.7678180445451113,0.2328177230458879,0.3018403344353958,0.0765592653791649,0.6618705035971223,0.5378793237603452,0.2541935246261039
xgb,0.15,0.7658235812256198,0.2518587920308893,0.2665765504257555,0.0755826018879824,0.7913669064748201,0.6053605858083336,0.266011260811282
xlstm,0.15,0.736416257707311,0.2143195578588248,0.317638804686811,0.0794037660950615,0.7934224049331963,0.5984498352308308,0.2438940124082904
tabnet,0.15,0.7967660752485215,0.2879581299807052,0.278689538627724,0.0736388920319251,0.8150051387461459,0.6289469670005593,0.3023631639900192
mlp,0.15,0.760872027180068,0.2358836817079957,0.3041041770214785,0.0766046885961828,0.7852004110996916,0.6101471363527439,0.2887317724325497
