model,auc_roc,auc_pr,brier,acc,macro_avg_f1,mcc,x_auc_roc,x_auc_pr,x_brier,x_acc,x_macro_avg_f1,x_mcc,z_auc_roc,z_auc_pr,z_brier,z_acc,z_macro_avg_f1,z_mcc,S_j
lr,0.7988612054863471,0.2802341625897107,0.0733602346808318,0.7852004110996916,0.6231931589723635,0.3296691116052815,0.7988612054863471,0.2802341625897107,-0.0733602346808318,0.7852004110996916,0.6231931589723635,0.3296691116052815,1.2910581026035592,1.1336407543339209,1.227187439833259,0.2623893955510368,0.7533656162764473,1.65889017054737,1.0544219131909323
rf,0.7678180445451113,0.2328177230458879,0.0765592653791649,0.6618705035971223,0.5378793237603452,0.2541935246261039,0.7678180445451113,0.2328177230458879,-0.0765592653791649,0.6618705035971223,0.5378793237603452,0.2541935246261039,-0.15225914634760598,-0.6748825104627698,-0.3443896866369347,-2.1911218355755553,-2.0993456342767156,-0.9037214022055978,-1.0609533692508633
xgb,0.7658235812256198,0.2518587920308893,0.0755826018879824,0.7913669064748201,0.6053605858083336,0.266011260811282,0.7658235812256198,0.2518587920308893,-0.0755826018879824,0.7913669064748201,0.6053605858083336,0.266011260811282,-0.24498950060733135,0.0513680595351608,0.13541252463935197,0.3850649571073666,0.15708270430891563,-0.5024755328593435,-0.003089464645979987
xlstm,0.736416257707311,0.2143195578588248,0.0794037660950615,0.7934224049331963,0.5984498352308308,0.2438940124082904,0.736416257707311,0.2143195578588248,-0.0794037660950615,0.7934224049331963,0.5984498352308308,0.2438940124082904,-1.612250307578898,-1.3804260396418633,-1.7417980527587567,0.4259568109594765,-0.07399793897966295,-1.2534192351003721,-0.9393224605166796
tabnet,0.7967660752485215,0.2879581299807052,0.0736388920319251,0.8150051387461459,0.6289469670005593,0.3023631639900192,0.7967660752485215,0.2879581299807052,-0.0736388920319251,0.8150051387461459,0.6289469670005593,0.3023631639900192,1.193647351914314,1.4282426868605986,1.0902923736717531,0.8553212764066298,0.9457605877926852,0.7317753223625897,1.040839933168095
mlp,0.760872027180068,0.2358836817079957,0.0766046885961828,0.7852004110996916,0.6101471363527439,0.2887317724325497,0.760872027180068,0.2358836817079957,-0.0766046885961828,0.7852004110996916,0.6101471363527439,0.2887317724325497,-0.4752064999840173,-0.5579429506250417,-0.366704598748666,0.2623893955510368,0.3171346648783416,0.2689506772553502,-0.0918965519454994
