threshold,auc_roc,auc_pr,logloss,brier,acc,macro_avg_f1,mcc
0.15,0.7716665420747054,0.22728394654945322,0.26685913808139666,0.07689072783257722,0.7862281603288798,0.6070823949677719,0.27590608900076735
