split,threshold,brier,mcc
val,0.15,0.07689072783257722,0.27590608900076735
test,0.15,0.07363889203192513,0.3023631639900192
