model,auc_roc,auc_pr,logloss,brier,acc,f1,macro_f1,mcc
lr_raw@0.50,0.7691061772694427,0.25824379827041316,0.28873477510113116,0.0822868143317671,0.8920863309352518,0.16,0.551169686985173,0.13109288885019485
lr_cal@0.50,0.7869415165333532,0.2648161690937292,0.2603760819450889,0.07479663576700012,0.9064748201438849,0.13333333333333333,0.5419518377693283,0.1686732501375935
lr_cal@0.15,0.7869415165333532,0.2648161690937292,0.2603760819450889,0.07479663576700012,0.7831449126413155,0.3547400611620795,0.6122063492962961,0.29587062142967535
