model,auc_roc,auc_pr,logloss,brier,acc,f1,macro_f1,mcc
lr_raw@0.50,0.8003649175789607,0.3125580174016601,0.2705155465957978,0.07790662735543497,0.9013360739979445,0.22580645161290322,0.5865585496264296,0.20968738419039948
lr_cal@0.50,0.7988612054863471,0.2802341625897107,0.25562113852646423,0.07336023468083182,0.9044193216855088,0.06060606060606061,0.5051270692851635,0.08031842831980175
lr_cal@0.15,0.7988612054863471,0.2802341625897107,0.25562113852646423,0.07336023468083182,0.7852004110996916,0.3761194029850746,0.6231931589723635,0.3296691116052815
