threshold,auc_roc,auc_pr,logloss,brier,acc,macro_avg_f1,mcc
0.15,0.7967660752485215,0.2879581299807052,0.27868953862772405,0.07363889203192513,0.8150051387461459,0.6289469670005593,0.3023631639900192
