model,auc_roc,auc_pr,logloss,brier,acc,f1,macro_f1,mcc
tabnet_raw@0.50,0.8002076255190638,0.34533862807753546,0.26433475459544514,0.0750380987705672,0.9126413155190134,0.12371134020618557,0.538870272590924,0.2246631200000159
tabnet_cal@0.50,0.7967660752485215,0.2879581299807052,0.27868953862772405,0.07363889203192513,0.9075025693730729,0.0,0.47575431034482757,0.0
tabnet_cal@0.15,0.7967660752485215,0.2879581299807052,0.27868953862772405,0.07363889203192513,0.8150051387461459,0.36619718309859156,0.6289469670005593,0.3023631639900192
