model,auc_roc,auc_pr,logloss,brier,acc,f1,macro_f1,mcc
tabnet_raw@0.50,0.7537813660262641,0.21707888825078178,0.2894800766408669,0.08320246058666306,0.894141829393628,0.037383177570093455,0.4906872385947259,0.013977359359940615
tabnet_cal@0.50,0.7716665420747054,0.22728394654945322,0.26685913808139666,0.07689072783257722,0.9064748201438849,0.0,0.47547169811320755,0.0
tabnet_cal@0.15,0.7716665420747054,0.22728394654945322,0.26685913808139666,0.07689072783257722,0.7862281603288798,0.34177215189873417,0.6070823949677719,0.27590608900076735
